{
  "project_info": {
    "project_number": "282150795633",
    "project_id": "myapp-3264a",
    "storage_bucket": "myapp-3264a.appspot.com"
  },
  "client": [
    {
      "client_info": {
        "mobilesdk_app_id": "1:282150795633:android:03aed316d5a968ace9ded0",
        "android_client_info": {
          "package_name": "com.example.myapp"
        }
      },
      "oauth_client": [
        {
          "client_id": "282150795633-0tpmk1tk4k9c34jonpdjm0ibfc32cehi.apps.googleusercontent.com",
          "client_type": 3
        }
      ],
      "api_key": [
        {
          "current_key": "AIzaSyC6xiw18wIi0KH93ZBScmz54BiLbtbPRgU"
        }
      ],
      "services": {
        "appinvite_service": {
          "other_platform_oauth_client": [
            {
              "client_id": "282150795633-0tpmk1tk4k9c34jonpdjm0ibfc32cehi.apps.googleusercontent.com",
              "client_type": 3
            },
            {
              "client_id": "282150795633-4s0nir9ivd611d2q7vbjvni9o4r86698.apps.googleusercontent.com",
              "client_type": 2,
              "ios_info": {
                "bundle_id": "com.example.myapp"
              }
            }
          ]
        }
      }
    }
  ],
  "configuration_version": "1"
}